Workbook

Sheet переходы
A1: Cu1
B2: BHandHLYP | E2: CAM-B3LYP | H2: M06-2X | K2: PBE0 | N2: wB97X | Q2: DLPNO-STEOM-CCSD
A3: № | B3: Переход | C3: wavelength, nm | D3: f_osc | E3: Переход | F3: wavelength, nm | G3: f_osc | H3: Переход | I3: wavelength, nm | J3: f_osc | K3: Переход | L3: wavelength, nm | M3: f_osc | N3: Переход | O3: wavelength, nm | P3: f_osc | Q3: Переход | R3: wavelength, nm | S3: f_osc
A4: 1 | B4: 39 -> 40 | C4: 262.5 | D4: 0.010366469 | E4: 39 -> 40 | F4: 273.9 | G4: 0.008684514 | H4: 39 -> 40 | I4: 271.5 | J4: 0.014450027 | K4: 39 -> 40 | L4: 289.9 | M4: 0.008078613 | N4: 39 -> 40 | O4: 253 | P4: 0.009221796 | Q4: 39 -> 40 | R4: 285.5 | S4: 1e-09
A5: 2 | B5: 38 -> 40 | C5: 259.1 | D5: 0.015053549 | E5: 38 -> 40 | F5: 269.8 | G5: 0.012783742 | H5: 38 -> 40 | I5: 267.6 | J5: 0.020117917 | K5: 38 -> 40 | L5: 284.4 | M5: 0.017645107 | N5: 38 -> 40 | O5: 249.8 | P5: 0.010543971 | Q5: 38 -> 40 | R5: 279.7 | S5: 1.5e-08
A6: 3 | B6: 38 -> 42 39 -> 42 | C6: 238.6 | D6: 0.014910393 | E6: 38 -> 42 | F6: 248.8 | G6: 0.011577237 | H6: 38 -> 42 | I6: 246.5 | J6: 0.011328634 | K6: 39 -> 41 | L6: 257.7 | M6: 0.016960046 | N6: 39 -> 42 | O6: 237.6 | P6: 0.008568402 | Q6: 36 -> 40 | R6: 279.5 | S6: 6e-09
A7: 4 | B7: 38 -> 42 39 -> 42 | C7: 238.2 | D7: 0.014560598 | E7: 39 -> 42 | F7: 248.4 | G7: 0.010630932 | H7: 39 -> 42 | I7: 245.9 | J7: 0.007550445 | K7: 38 -> 41 39 -> 42 | L7: 257.1 | M7: 0.007968171 | N7: 38 -> 42 39 -> 42 | O7: 237.2 | P7: 0.009704584 | Q7: 39 -> 40 | R7: 277.9 | S7: 0.008483392
A8: 5 | B8: 37 -> 40 | C8: 229.2 | D8: 0.002059979 | E8: 37 -> 40 | F8: 235.2 | G8: 0.001525423 | H8: 37 -> 40 | I8: 235.5 | J8: 0.000881624 | K8: 37 -> 40 | L8: 251.7 | M8: 0.004704837 | N8: 37 -> 40 | O8: 220.6 | P8: 0.000651859 | Q8: 38 -> 40 | R8: 273 | S8: 0.012526676
A9: 6 | B9: 36 -> 40 | C9: 221 | D9: 0.061051567 | E9: 36 -> 40 | F9: 224.3 | G9: 0.036440266 | H9: 36 -> 40 | I9: 229.9 | J9: 0.083050665 | K9: 36 -> 40 | L9: 239 | M9: 0.015951298 | N9: 36 -> 40 | O9: 207.4 | P9: 0.044245119 | Q9: 39 -> 42 | R9: 262.4 | S9: 4.25e-07
A10: 7 | B10: 38 -> 41 | C10: 209.5 | D10: 0.003620906 | E10: 38 -> 41 | F10: 217.7 | G10: 0.001214996 | H10: 36 -> 41 37 -> 42 | I10: 214.1 | J10: 0.001867358 | K10: 38 -> 41 | L10: 238.5 | M10: 0.000350156 | N10: 37 -> 42 | O10: 206.1 | P10: 0.004902459 | Q10: 39 -> 41 | R10: 262 | S10: 5.73e-07
A11: 8 | B11: 36 -> 42 37 -> 41 | C11: 208.7 | D11: 0.007352231 | E11: 37 -> 41 38 -> 42 39 -> 41 | F11: 216.2 | G11: 0.060002925 | H11: 36 -> 42 | I11: 213.2 | J11: 0.001162181 | K11: 36 -> 40 | L11: 232.1 | M11: 0.12703921 | N11: 36 -> 40 36 -> 42 38 -> 42 39 -> 41 | O11: 204.5 | P11: 0.021539246 | Q11: 36 -> 40 | R11: 249.6 | S11: 0.007277629
A12: 9 | B12: 37 -> 42 | C12: 203.8 | D12: 0.001986997 | E12: 37 -> 42 | F12: 211.5 | G12: 0.011042985 | H12: 38 -> 41 | I12: 205.1 | J12: 0.000441309 | K12: 37 -> 41 | L12: 225.1 | M12: 0.11728935 | N12: 34 -> 40 | O12: 202.6 | P12: 0.000762864 | Q12: 36 -> 40 38 -> 42 39 -> 41 | R12: 249.3 | S12: 0.008653048
A13: 10 | B13: 38 -> 42 39 -> 41 | C13: 200.5 | D13: 0.3017402 | E13: 35 -> 40 | F13: 209.8 | G13: 0.001390237 | H13: 38 -> 42 39 -> 41 | I13: 202.3 | J13: 0.30617617 | K13: 37 -> 42 | L13: 222.3 | M13: 0.018253425 | N13: 35 -> 40 | O13: 202.5 | P13: 0.003121764 | Q13: 36 -> 40 | R13: 248.5 | S13: 0.007752046
A14: 11 | B14: 36 -> 41 36 -> 42 | C14: 191.5 | D14: 0.034762589 | E14: 34 -> 40 | F14: 209.8 | G14: 0.000351308 | H14: 37 -> 41 | I14: 192.5 | J14: 0.018567414 | K14: 35 -> 40 | L14: 218.8 | M14: 0.000465084 | N14: 35 -> 40 37 -> 42 | O14: 202.3 | P14: 0.007351696
A15: 12 | B15: 36 -> 41 36 -> 42 | C15: 191.4 | D15: 0.034400712 | E15: 37 -> 41 | F15: 207.5 | G15: 0.26736854 | H15: 36 -> 41 37 -> 42 | I15: 191.9 | J15: 0.012238278 | K15: 34 -> 40 | L15: 218.7 | M15: 0.000699747 | N15: 36 -> 40 38 -> 42 | O15: 195.2 | P15: 0.34370699
A16: 13 | B16: 34 -> 40 | C16: 188.7 | D16: 0.000225513 | E16: 36 -> 42 | F16: 198.4 | G16: 0.053049288 | I16: 190.1 | J16: 0.004202447 | K16: 36 -> 41 | L16: 212.3 | M16: 0.007211061 | O16: 190.2 | P16: 0.039108734
A17: 14 | B17: 33 -> 40 | C17: 188.7 | D17: 0.00010988 | E17: 36 -> 41 | F17: 198.2 | G17: 0.017423655 | I17: 189.8 | J17: 0.003174896 | K17: 36 -> 42 | L17: 209.1 | M17: 0.090273762 | O17: 188.3 | P17: 0.007959236
A18: 15 | B18: 35 -> 40 | C18: 183.7 | D18: 0.014326325 | E18: 33 -> 40 | F18: 195.5 | G18: 0.011592155 | I18: 188.3 | J18: 0.013274399 | K18: 33 -> 40 | L18: 203.1 | M18: 0.008998243 | O18: 187.7 | P18: 0.017982891
A19: 16 | B19: 32 -> 40 | C19: 183.4 | D19: 0.009441859 | E19: 32 -> 40 | F19: 195.1 | G19: 0.04389254 | I19: 188.2 | J19: 0.016806766 | K19: 32 -> 40 | L19: 202.9 | M19: 0.011190517 | O19: 187 | P19: 0.018147074
A20: 17 | B20: 38 -> 46 39 -> 43 | C20: 176.7 | D20: 0.000194786 | E20: 35 -> 42 | F20: 190.4 | G20: 0.00236706 | I20: 181.5 | J20: 0.000262388 | K20: 35 -> 42 | L20: 199 | M20: 0.001027282 | O20: 186.6 | P20: 0.001367739
A21: 18 | B21: 38 -> 43 39 -> 46 | C21: 176.4 | D21: 0.011464489 | E21: 34 -> 42 | F21: 190.4 | G21: 0.000265317 | I21: 181.2 | J21: 0.005951911 | K21: 34 -> 42 | L21: 198.9 | M21: 7.0681e-05 | O21: 186.1 | P21: 0.12775989
A22: 19 | B22: 39 -> 44 | C22: 171.3 | D22: 0.010788504 | E22: 39 -> 43 | F22: 185 | G22: 0.001101765 | I22: 172.6 | J22: 0.006404353 | K22: 34 -> 41 | L22: 195 | M22: 0.005705316 | O22: 181.1 | P22: 0.002615442
A23: 20 | B23: 38 -> 44 | C23: 169.8 | D23: 0.033628854 | E23: 34 -> 41 | F23: 184.6 | G23: 0.017548186 | I23: 171.6 | J23: 0.01995137 | K23: 35 -> 41 | L23: 194.7 | M23: 0.005498449 | O23: 180.6 | P23: 0.019519245
A26: Cu2
B27: BHandHLYP | E27: CAM-B3LYP | H27: M06-2X | K27: PBE0 | N27: wB97X | Q27: DLPNO-STEOM-CCSD
A28: № | B28: Переход | C28: wavelength, nm | D28: f_osc | E28: Переход | F28: wavelength, nm | G28: f_osc | H28: Переход | I28: wavelength, nm | J28: f_osc | K28: Переход | L28: wavelength, nm | M28: f_osc | N28: Переход | O28: wavelength, nm | P28: f_osc | Q28: Переход | R28: wavelength, nm | S28: f_osc
A29: 1 | B29: 54 -> 55 | C29: 388.4 | D29: 0.25775201 | E29: 54 -> 55 | F29: 367.5 | G29: 0.22457532 | H29: 54 -> 55 | I29: 396.1 | J29: 0.40747682 | K29: 54 -> 55 | L29: 416.8 | M29: 0.15726677 | N29: 54 -> 55 | O29: 327.6 | P29: 0.49411373 | Q29: 54 -> 57 | R29: 425.4 | S29: 1.1667e-05
A30: 2 | B30: 54 -> 56 | C30: 373.3 | D30: 0.027604323 | E30: 54 -> 56 | F30: 354.9 | G30: 0.022313331 | H30: 54 -> 56 | I30: 373.4 | J30: 0.034535331 | K30: 54 -> 56 | L30: 404.3 | M30: 0.019064068 | N30: 54 -> 57 | O30: 317.5 | P30: 0.070116562 | Q30: 54 -> 56 | R30: 399.3 | S30: 1.466e-06
A31: 3 | B31: 54 -> 57 | C31: 340 | D31: 0.36075038 | E31: 54 -> 57 | F31: 332.9 | G31: 0.29522304 | H31: 54 -> 57 | I31: 365.3 | J31: 0.23288551 | K31: 54 -> 57 | L31: 348.8 | M31: 0.32676563 | N31: 54 -> 56 | O31: 308.4 | P31: 0.030294721 | Q31: 54 -> 55 | R31: 383.2 | S31: 2e-08
A32: 4 | B32: 54 -> 58 | C32: 281.1 | D32: 0.025334146 | E32: 53 -> 55 | F32: 298.5 | G32: 3.1936e-05 | H32: 54 -> 58 | I32: 292.5 | J32: 0.035419268 | K32: 53 -> 55 | L32: 322.1 | M32: 4.5709e-05 | N32: 54 -> 58 | O32: 279.1 | P32: 0.006804709 | Q32: 54 -> 55 | R32: 369.6 | S32: 0.44451222
A33: 5 | B33: 53 -> 55 | C33: 275.8 | D33: 8.0421e-05 | E33: 51 -> 55 53 -> 56 | F33: 297.7 | G33: 2.3042e-05 | H33: 52 -> 56 53 -> 55 | I33: 275.2 | J33: 0.008820891 | K33: 51 -> 55 | L33: 320.1 | M33: 1.1862e-05 | N33: 54 -> 58 | O33: 278.7 | P33: 0.003469848 | Q33: 54 -> 56 | R33: 348.2 | S33: 0.043827317
A34: 6 | B34: 52 -> 55 53 -> 56 | C34: 275.4 | D34: 0.000194179 | E34: 54 -> 58 | F34: 285 | G34: 0.006651221 | H34: 52 -> 55 53 -> 56 | I34: 275 | J34: 0.018655398 | K34: 52 -> 55 53 -> 55 | L34: 311.9 | M34: 0.002395357 | N34: 51 -> 57 53 -> 56 | O34: 277.8 | P34: 0.001269438 | Q34: 54 -> 58 | R34: 340.4 | S34: 1.75e-07
A35: 7 | B35: 54 -> 59 | C35: 257.5 | D35: 0.045451587 | E35: 52 -> 55 | F35: 276.5 | G35: 0.020541575 | H35: 54 -> 59 | I35: 272.5 | J35: 0.052008884 | K35: 53 -> 56 | L35: 305.3 | M35: 0.016846748 | N35: 52 -> 57 | O35: 263 | P35: 0.028225286 | Q35: 54 -> 57 | R35: 334.7 | S35: 0.30871503
A36: 8 | B36: 54 -> 60 | C36: 256.8 | D36: 0.10185636 | E36: 52 -> 56 | F36: 273.4 | G36: 0.022586829 | H36: 54 -> 60 | I36: 272.1 | J36: 0.091926844 | K36: 54 -> 58 | L36: 296.1 | M36: 0.011276842 | N36: 53 -> 55 53 -> 57 | O36: 259.5 | P36: 0.003597721 | Q36: 54 -> 59 | R36: 287.8 | S36: 3.67e-07
A37: 9 | B37: 51 -> 55 | C37: 253.8 | D37: 0.022576138 | E37: 53 -> 57 | F37: 269.4 | G37: 0.006947034 | H37: 53 -> 57 | I37: 249.7 | J37: 0.042185423 | K37: 51 -> 55 | L37: 290.3 | M37: 0.046579103 | N37: 52 -> 56 | O37: 257 | P37: 0.029520598 | Q37: 54 -> 58 | R37: 275.7 | S37: 0.028367392
A38: 10 | B38: 51 -> 56 | C38: 251.4 | D38: 0.030850996 | E38: 51 -> 57 | F38: 264.3 | G38: 0.005872936 | H38: 51 -> 55 | I38: 248.2 | J38: 0.007127692 | K38: 51 -> 56 | L38: 289.9 | M38: 0.013678377 | N38: 51 -> 55 51 -> 57 | O38: 254.3 | P38: 0.025213781 | Q38: 54 -> 59 | R38: 255.3 | S38: 0.006322222
A39: 11 | B39: 53 -> 57 | C39: 242.9 | D39: 0.029728209 | E39: 52 -> 57 | F39: 261.1 | G39: 0.013300068 | H39: 52 -> 57 | I39: 248 | J39: 0.033440879 | K39: 52 -> 57 | L39: 284.3 | M39: 0.00731109 | N39: 54 -> 59 | O39: 249.6 | P39: 0.00636552
A40: 12 | B40: 52 -> 57 | C40: 240.3 | D40: 0.021635956 | E40: 54 -> 59 | F40: 258.5 | G40: 0.017703755 | H40: 51 -> 56 | I40: 245.9 | J40: 0.015292715 | K40: 51 -> 57 | L40: 277.9 | M40: 0.025406223 | N40: 54 -> 59 | O40: 248.6 | P40: 0.000698894
A43: Cu3
B44: BHandHLYP | E44: CAM-B3LYP | H44: M06-2X | K44: PBE0 | N44: wB97X | Q44: DLPNO-STEOM-CCSD
A45: № | B45: Переход | C45: wavelength, nm | D45: f_osc | E45: Переход | F45: wavelength, nm | G45: f_osc | H45: Переход | I45: wavelength, nm | J45: f_osc | K45: Переход | L45: wavelength, nm | M45: f_osc | N45: Переход | O45: wavelength, nm | P45: f_osc | Q45: Переход | R45: wavelength, nm | S45: f_osc
A46: 1 | B46: 68a -> 69a | C46: 358.6 | D46: 0.25775201 | E46: 68a -> 69a | F46: 398.8 | G46: 0.16696759 | H46: 68a -> 69a | I46: 360.1 | J46: 0.52266559 | K46: 68a -> 69a | L46: 391 | M46: 0.19763185 | N46: 68a -> 69a | O46: 416.3 | P46: 0.1464873 | Q46: 64 -> 69 | R46: 443.4 | S46: 0.002705358
A47: 2 | B47: 59a -> 69a | C47: 289.9 | D47: 0.027604323 | E47: 61a -> 69a 65a -> 69a | F47: 364 | G47: 0.000378782 | H47: 68a -> 70a | I47: 301.9 | J47: 0.037339337 | K47: 65a -> 69a | L47: 362.3 | M47: 0.005587286 | N47: 61a -> 69a | O47: 380.5 | P47: 3.0154e-05 | Q47: 68 -> 69 | R47: 361.6 | S47: 0.50187388
A48: 3 | B48: 68a -> 70a | C48: 286.2 | D48: 0.36075038 | E48: 62a -> 69a | F48: 363.7 | G48: 1.0707e-05 | H48: 67a -> 69a | I48: 293.7 | J48: 0.005875673 | K48: 64a -> 69a | L48: 352.3 | M48: 0.000727185 | N48: 62a -> 69a | O48: 380.5 | P48: 1.323e-06 | Q48: 64 -> 71 64 -> 73 66 -> 69 | R48: 276.8 | S48: 0.009291543
A49: 4 | B49: 60a -> 69a | C49: 279.6 | D49: 0.025334146 | E49: 61a -> 69a | F49: 363.5 | G49: 0.000130789 | H49: 68a -> 71a | I49: 285.9 | J49: 0.12032141 | K49: 61a -> 69a | L49: 350.4 | M49: 8.3731e-05 | N49: 65a -> 69a | O49: 375.7 | P49: 0.000311743 | Q49: 64 -> 71 64 -> 73 66 -> 69 | R49: 244.9 | S49: 0.092370818
A50: 5 | B50: 61a -> 69a | C50: 279.3 | D50: 8.0421e-05 | E50: 64a -> 69a | F50: 358.9 | G50: 0.000689241 | H50: 61a -> 69a 65a -> 69a | I50: 275.6 | J50: 0.013381125 | K50: 62a -> 69a | L50: 350.3 | M50: 4.4829e-05 | N50: 64a -> 69a | O50: 371.8 | P50: 0.000696315 | Q50: 60 -> 69 68 -> 72 | R50: 230.9 | S50: 0.020176819
A51: 6 | B51: 60a -> 69a | C51: 278.9 | D51: 0.000194179 | E51: 63a -> 69a 66a -> 69a 68a -> 69a | F51: 299.5 | G51: 0.29601637 | H51: 60a -> 69a | I51: 271 | J51: 0.00016407 | K51: 67a -> 69a | L51: 346.5 | M51: 0.001791916 | N51: 63a -> 69a | O51: 301.2 | P51: 0.31075215
A52: 7 | B52: 67a -> 69a 68a -> 70a | C52: 275.8 | D52: 0.045451587 | E52: 67a -> 69a | F52: 288.1 | G52: 0.012433482 | H52: 59a -> 69a | I52: 270.9 | J52: 0.000268198 | K52: 66a -> 69a | L52: 318.8 | M52: 0.141593 | N52: 68a -> 70a | O52: 275.2 | P52: 0.059100975
A53: 8 | B53: 63a -> 69a 66a -> 69a | C53: 270.8 | D53: 0.10185636 | E53: 68a -> 70a | F53: 280.5 | G53: 0.041279771 | H53: 62a -> 69a | I53: 270.8 | J53: 0.00095561 | K53: 68a -> 70a | L53: 304.9 | M53: 0.03015777 | N53: 67a -> 69a 67a -> 71a | O53: 269.3 | P53: 0.009546836
A54: 9 | B54: 68a -> 71a | C54: 266.6 | D54: 0.022576138 | E54: 68a -> 70a | F54: 273.6 | G54: 0.019614319 | H54: 66a -> 69a | I54: 263.7 | J54: 0.089713087 | K54: 68a -> 71a | L54: 294 | M54: 0.071327085 | N54: 68a -> 71a | O54: 266 | P54: 0.036917849
A55: 10 | B55: 67a -> 72a | C55: 252.6 | D55: 0.030850996 | E55: 68a -> 71a | F55: 270 | G55: 0.033435903 | H55: 67a -> 72a | I55: 263.3 | J55: 0.026833394 | K55: 67a -> 71a | L55: 290.2 | M55: 0.029096749 | N55: 66a -> 69a 67a -> 70a 67a -> 71a | O55: 260.2 | P55: 0.002644912
A56: 11 | B56: 59a -> 69a 66a -> 69a | C56: 247.6 | D56: 0.029728209 | E56: 67a -> 72a | F56: 264.6 | G56: 0.026716095 | H56: 68a -> 72a | I56: 258.9 | J56: 0.002119892 | K56: 67a -> 70a | L56: 288.2 | M56: 0.064316023 | N56: 65a -> 70a | O56: 257.5 | P56: 0.014898751
A57: 12 | B57: 67a -> 71a | C57: 244.3 | D57: 0.021635956 | E57: 56a -> 69a 59a -> 69a | F57: 259.2 | G57: 0.016277587 | H57: 67a -> 71a | I57: 252.5 | J57: 0.009973516 | K57: 67a -> 71a | L57: 283 | M57: 0.019430931 | N57: 64a -> 70a | O57: 255.7 | P57: 0.007678472
A60: Cu4
B61: BHandHLYP | E61: CAM-B3LYP | H61: M06-2X | K61: PBE0 | N61: wB97X | Q61: DLPNO-STEOM-CCSD
A62: № | B62: Переход | C62: wavelength, nm | D62: f_osc | E62: Переход | F62: wavelength, nm | G62: f_osc | H62: Переход | I62: wavelength, nm | J62: f_osc | K62: Переход | L62: wavelength, nm | M62: f_osc | N62: Переход | O62: wavelength, nm | P62: f_osc | Q62: Переход | R62: wavelength, nm | S62: f_osc
A63: 1 | B63: 95 -> 96 | C63: 504.1 | D63: 0.03601876 | E63: 95 -> 96 | F63: 493.4 | G63: 0.028416429 | H63: 95 -> 96 | I63: 550.1 | J63: 0.034188766 | K63: 95 -> 96 | L63: 560 | M63: 0.02098893 | N63: 95 -> 96 | O63: 454.3 | P63: 0.048208026 | Q63: 95 -> 96 95 -> 98 | R63: 483.4 | S63: 0.061208424
A64: 2 | B64: 95 -> 97 | C64: 415.9 | D64: 0.23052901 | E64: 95 -> 97 | F64: 424.5 | G64: 0.17796844 | H64: 95 -> 98 | I64: 451.5 | J64: 0.19959495 | K64: 95 -> 97 | L64: 436.3 | M64: 0.16568116 | N64: 95 -> 97 | O64: 424.7 | P64: 0.17946744 | Q64: 95 -> 100 | R64: 436.7 | S64: 0.1773768
A65: 3 | B65: 95 -> 98 | C65: 383 | D65: 0.038568419 | E65: 95 -> 99 | F65: 372.1 | G65: 0.1546837 | H65: 95 -> 97 | I65: 410.7 | J65: 0.058484417 | K65: 95 -> 98 | L65: 411.1 | M65: 0.021711946 | N65: 95 -> 99 | O65: 360.3 | P65: 0.14038195 | Q65: 95 -> 97 | R65: 433.6 | S65: 0.18165761
A66: 4 | B66: 95 -> 99 | C66: 378.7 | D66: 0.21707182 | E66: 95 -> 98 | F66: 362.3 | G66: 0.017320042 | H66: 95 -> 99 | I66: 401.9 | J66: 0.22187324 | K66: 95 -> 99 | L66: 389.2 | M66: 0.13159987 | N66: 95 -> 98 | O66: 319.7 | P66: 0.029973348 | Q66: 95 -> 96 95 -> 98 | R66: 391.7 | S66: 0.072707369
A67: 5 | B67: 95 -> 100 | C67: 349.5 | D67: 7.7238e-05 | E67: 95 -> 100 | F67: 342.3 | G67: 0.002117017 | H67: 95 -> 100 95 -> 101 | I67: 372.8 | J67: 0.002129753 | K67: 95 -> 100 | L67: 378.8 | M67: 0.006577684 | N67: 95 -> 101 | O67: 318.6 | P67: 0.001989488 | Q67: 95 -> 101 | R67: 324.3 | S67: 0.002081603
A68: 6 | B68: 95 -> 101 95 -> 102 | C68: 309.3 | D68: 0.051980384 | E68: 94 -> 96 | F68: 322.8 | G68: 0.000243972 | H68: 95 -> 100 95 -> 101 | I68: 330.6 | J68: 0.041506834 | K68: 94 -> 96 | L68: 355.6 | M68: 0.000351739 | N68: 94 -> 96 | O68: 313.6 | P68: 0.000363186 | Q68: 95 -> 97 95 -> 99 | R68: 272.5 | S68: 0.05876506
A69: 7 | B69: 95 -> 102 | C69: 308.7 | D69: 0.05155219 | E69: 95 -> 102 | F69: 308 | G69: 0.031828178 | H69: 95 -> 102 | I69: 323.8 | J69: 0.084354733 | K69: 95 -> 101 | L69: 337.8 | M69: 0.043537209 | N69: 94 -> 97 | O69: 303.8 | P69: 0.001495708
A70: 8 | B70: 94 -> 96 | C70: 281.4 | D70: 0.001228741 | E70: 94 -> 97 | F70: 304 | G70: 0.000646997 | H70: 94 -> 96 | I70: 284.6 | J70: 0.001318177 | K70: 93 -> 96 | L70: 333.4 | M70: 0.005201926 | N70: 92 -> 96 | O70: 293.5 | P70: 0.004702312
A71: 9 | B71: 95 -> 103 | C71: 268.1 | D71: 0.010087446 | E71: 93 -> 96 | F71: 300.9 | G71: 0.002480419 | H71: 95 -> 103 | I71: 274.5 | J71: 0.017241767 | K71: 95 -> 102 | L71: 325.5 | M71: 0.011322099 | N71: 93 -> 97 | O71: 292.8 | P71: 0.077111794
A72: 10 | B72: 93 -> 96 | C72: 264.2 | D72: 0.027557397 | E72: 95 -> 101 | F72: 298.9 | G72: 0.008134939 | H72: 93 -> 96 | I72: 270.4 | J72: 0.015589286 | K72: 92 -> 96 | L72: 322.5 | M72: 0.003323514 | N72: 93 -> 96 93 -> 97 | O72: 290.2 | P72: 0.019638878
A73: 11 | B73: 94 -> 98 | C73: 262.5 | D73: 0.006065946 | E73: 92 -> 96 | F73: 293.7 | G73: 0.017854341 | H73: 92 -> 96 | I73: 262.6 | J73: 0.022449125 | K73: 94 -> 97 | L73: 321.4 | M73: 0.001240805 | N73: 91 -> 97 | O73: 282.5 | P73: 0.00044718
A74: 12 | B74: 92 -> 96 | C74: 259.3 | D74: 0.01122226 | E74: 93 -> 97 95 -> 101 | F74: 287.5 | G74: 0.071246258 | H74: 94 -> 98 | I74: 261.1 | J74: 0.004504609 | K74: 91 -> 96 | L74: 306.9 | M74: 0.025658028 | N74: 95 -> 102 | O74: 277.9 | P74: 0.025941134
A77: Cu5
B78: BHandHLYP | E78: CAM-B3LYP | H78: M06-2X | K78: PBE0 | N78: wB97X | Q78: DLPNO-STEOM-CCSD
A79: № | B79: Переход | C79: wavelength, nm | D79: f_osc | E79: Переход | F79: wavelength, nm | G79: f_osc | H79: Переход | I79: wavelength, nm | J79: f_osc | K79: Переход | L79: wavelength, nm | M79: f_osc | N79: Переход | O79: wavelength, nm | P79: f_osc | Q79: Переход | R79: wavelength, nm | S79: f_osc
A80: 1 | B80: 122 -> 124 | C80: 504.1 | D80: 0.03601876 | E80: 122 -> 123 | F80: 397.9 | G80: 0.10855299 | H80: 122 -> 124 | I80: 423.8 | J80: 0.043653898 | K80: 122 -> 124 | L80: 433.2 | M80: 0.018957012 | N80: 122 -> 123 | O80: 391.2 | P80: 0.11027677 | Q80: 122 -> 126 | R80: 432 | S80: 0.16556635
A81: 2 | B81: 122 -> 123 | C81: 415.9 | D81: 0.23052901 | E81: 122 -> 124 | F81: 395.9 | G81: 0.024496998 | H81: 122 -> 123 | I81: 410.5 | J81: 0.1745845 | K81: 122 -> 123 | L81: 416.8 | M81: 0.10170043 | N81: 122 -> 124 | O81: 380.6 | P81: 0.027535992 | Q81: 122 -> 123 | R81: 377.1 | S81: 0.009915595
A82: 3 | B82: 122 -> 125 | C82: 383 | D82: 0.038568419 | E82: 121 -> 124 | F82: 350.6 | G82: 0.002385651 | H82: 122 -> 125 | I82: 370.5 | J82: 4.1799e-05 | K82: 121 -> 124 | L82: 387.5 | M82: 1.406e-05 | N82: 121 -> 124 | O82: 339.5 | P82: 0.003716593 | Q82: 122 -> 125 122 -> 127 | R82: 351.3 | S82: 8.7409e-05
A83: 4 | B83: 122 -> 126 | C83: 378.7 | D83: 0.21707182 | E83: 121 -> 123 | F83: 346.5 | G83: 0.002679952 | H83: 122 -> 126 | I83: 328.8 | J83: 0.003286453 | K83: 122 -> 125 | L83: 380.9 | M83: 0.000372394 | N83: 121 -> 123 | O83: 337.3 | P83: 0.002397987 | Q83: 122 -> 124 | R83: 332.7 | S83: 0.015463883
A84: 5 | B84: 121 -> 124 | C84: 349.5 | D84: 7.7238e-05 | E84: 122 -> 125 | F84: 333.7 | G84: 0.000641336 | H84: 121 -> 124 122 -> 127 | I84: 317.5 | J84: 0.013166478 | K84: 121 -> 123 | L84: 379.7 | M84: 0.002946473 | N84: 118 -> 123 120 -> 123 | O84: 307.9 | P84: 0.013835042 | Q84: 122 -> 127 | R84: 282.1 | S84: 0.031210653
A85: 6 | B85: 121 -> 123 | C85: 309.3 | D85: 0.051980384 | E85: 120 -> 123 | F85: 309.7 | G85: 0.016692309 | H85: 121 -> 124 122 -> 127 | I85: 310.7 | J85: 0.004097495 | K85: 121 -> 125 | L85: 340.1 | M85: 0.013595685 | N85: 122 -> 125 | O85: 307.6 | P85: 0.00522813 | Q85: 122 -> 128 | R85: 278.1 | S85: 0.35973863
A86: 7 | B86: 122 -> 127 | C86: 308.7 | D86: 0.05155219 | E86: 121 -> 125 | F86: 307.6 | G86: 0.000210257 | H86: 122 -> 128 | I86: 298.5 | J86: 0.16021827 | K86: 122 -> 126 | L86: 337.6 | M86: 0.004674841 | N86: 120 -> 124 | O86: 295.1 | P86: 0.003988115
A87: 8 | B87: 121 -> 125 | C87: 281.4 | D87: 0.001228741 | E87: 120 -> 124 | F87: 302.8 | G87: 3.996e-06 | H87: 121 -> 123 | I87: 296.6 | J87: 0.050984422 | K87: 120 -> 124 | L87: 328.3 | M87: 0.000809999 | N87: 119 -> 124 121 -> 125 | O87: 294.9 | P87: 0.002599277
A88: 9 | B88: 122 -> 128 | C88: 268.1 | D88: 0.010087446 | E88: 122 -> 126 | F88: 298.8 | G88: 0.014152937 | H88: 121 -> 125 | I88: 290.3 | J88: 0.005023283 | K88: 120 -> 123 | L88: 325.8 | M88: 0.005530132 | N88: 115 -> 123 | O88: 291.2 | P88: 0.012531095
A89: 10 | B89: 120 -> 124 | C89: 264.2 | D89: 0.027557397 | E89: 118 -> 123 | F89: 294.5 | G89: 0.002593373 | H89: 120 -> 124 | I89: 271.6 | J89: 0.004632686 | K89: 122 -> 127 | L89: 322 | M89: 7.626e-05 | N89: 118 -> 123 | O89: 289.4 | P89: 0.002081665
A90: 11 | B90: 120 -> 123 | C90: 262.5 | D90: 0.006065946 | E90: 118 -> 124 | F90: 291.9 | G90: 0.005323856 | H90: 122 -> 130 | I90: 271 | J90: 0.05928235 | K90: 118 -> 123 | L90: 315.9 | M90: 0.001515775 | N90: 118 -> 124 | O90: 287.5 | P90: 0.001705093
A91: 12 | B91: 121 -> 126 | C91: 259.3 | D91: 0.01122226 | E91: 118 -> 124 122 -> 127 | F91: 289.5 | G91: 0.020427895 | H91: 121 -> 126 | I91: 264.6 | J91: 0.011436504 | K91: 118 -> 124 | L91: 313.7 | M91: 0.000171713 | N91: 122 -> 128 | O91: 279.1 | P91: 0.025188276

Sheet разность
A1: Разность переходов (CCSD – функционал)^2 в эВ | J1: Средне-квадратичная разность переходов 'CCSD – функционал' в эВ
A2: (красным выделены переходы, которые не были учтены) | J2: BHandHLYP | K2: CAM-B3LYP | L2: M06-2X | M2: PBE0 | N2: wB97X
A3: Cu1 | J3: =sqrt(sum(B8:B10,B12,B22:B23,B25,B27:B28,B34,B42,B44:B46,B53,B55:B57)) -> 1.6599522 | K3: =sqrt(sum(C8:C10,C12,C22:C23,C25,C27:C28,C34,C42,C44:C46,C53,C55:C57)) -> 1.0483571 | L3: =sqrt(sum(D8:D10,D12,D22:D23,D25,D27:D28,D34,D42,D44:D46,D53,D55:D57)) -> 1.3928077 | M3: =sqrt(sum(E8:E10,E12,E22:E23,E25,E27:E28,E34,E42,E44:E46,E53,E55:E57)) -> 1.4178364 | N3: =sqrt(sum(F8:F10,F12,F22:F23,F25,F27:F28,F34,F42,F44:F46,F53,F55:F57)) -> 1.7542434
A4: Переход | B4: BHandHLYP | C4: CAM-B3LYP | D4: M06-2X | E4: PBE0 | F4: wB97X | G4: CCSD: f_osc
A5: 39 -> 40 | B5: =('переходы'!$R4-'переходы'!C4)^2 -> 529 | C5: =('переходы'!$R4-'переходы'!F4)^2 -> 134.56 | D5: =('переходы'!$R4-'переходы'!I4)^2 -> 196 | E5: =('переходы'!$R4-'переходы'!L4)^2 -> 19.36 | F5: =('переходы'!$R4-'переходы'!O4)^2 -> 1056.25 | G5: 1e-09 | J5: Средне-квадратичная разность переходов HOMO->LUMO 'CCSD – функционал' в эВ
A6: 38 -> 40 | B6: =('переходы'!$R5-'переходы'!C5)^2 -> 424.36 | C6: =('переходы'!$R5-'переходы'!F5)^2 -> 98.01 | D6: =('переходы'!$R5-'переходы'!I5)^2 -> 146.41 | E6: =('переходы'!$R5-'переходы'!L5)^2 -> 22.09 | F6: =('переходы'!$R5-'переходы'!O5)^2 -> 894.01 | G6: 1.5e-08 | J6: BHandHLYP | K6: CAM-B3LYP | L6: M06-2X | M6: PBE0 | N6: wB97X
A7: 36 -> 40 | B7: =('переходы'!$R6-'переходы'!C9)^2 -> 3422.25 | C7: =('переходы'!$R6-'переходы'!F9)^2 -> 3047.04 | D7: =('переходы'!$R6-'переходы'!I9)^2 -> 2460.16 | E7: =('переходы'!$R6-'переходы'!L9)^2 -> 1640.25 | F7: =('переходы'!$R6-'переходы'!O9)^2 -> 5198.41 | G7: 6e-09 | J7: =sqrt(sum(B8,B22,B34,B42,B53)) -> 0.44824167 | K7: =sqrt(sum(C8,C22,C34,C42,C53)) -> 0.37307338 | L7: =sqrt(sum(D8,D22,D34,D42,D53)) -> 0.47954868 | M7: =sqrt(sum(E8,E22,E34,E42,E53)) -> 0.68275829 | N7: =sqrt(sum(F8,F22,F34,F42,F53)) -> 0.78862461
A8: 39 -> 40 | B8: =(1240/'переходы'!$R7-1240/'переходы'!C4)^2 -> 0.068525009 | C8: =(1240/'переходы'!$R7-1240/'переходы'!F4)^2 -> 0.0042462171 | D8: =(1240/'переходы'!$R7-1240/'переходы'!I4)^2 -> 0.011063348 | E8: =(1240/'переходы'!$R7-1240/'переходы'!L4)^2 -> 0.034113976 | F8: =(1240/'переходы'!$R7-1240/'переходы'!O4)^2 -> 0.1928519 | G8: 0.008483392
A9: 38 -> 40 | B9: =(1240/'переходы'!$R8-1240/'переходы'!C5)^2 -> 0.059376262 | C9: =(1240/'переходы'!$R8-1240/'переходы'!F5)^2 -> 0.0029022455 | D9: =(1240/'переходы'!$R8-1240/'переходы'!I5)^2 -> 0.0084010463 | E9: =(1240/'переходы'!$R8-1240/'переходы'!L5)^2 -> 0.03314886 | F9: =(1240/'переходы'!$R8-1240/'переходы'!O5)^2 -> 0.17795458 | G9: 0.012526676
A10: 39 -> 42 | B10: =(1240/'переходы'!$R9-1240/'переходы'!C7)^2 -> 0.23049575 | C10: =(1240/'переходы'!$R9-1240/'переходы'!F7)^2 -> 0.070936311 | D10: =(1240/'переходы'!$R9-1240/'переходы'!I7)^2 -> 0.1005464 | E10: =(1240/'переходы'!$R9-1240/'переходы'!L7)^2 -> 0.0094899362 | F10: =(1240/'переходы'!$R9-1240/'переходы'!O7)^2 -> 0.25205042 | G10: 4.25e-07 | I10: Квадрат разности энергии соответствующих переходов 'CCSD – функционал' в эВ
A11: 39 -> 41 | B11: =('переходы'!$R10)^2 -> 68644 | C11: =('переходы'!$R10)^2 -> 68644 | D11: =('переходы'!$R10)^2 -> 68644 | E11: =('переходы'!$R10)^2 -> 68644 | F11: =('переходы'!$R10)^2 -> 68644 | G11: 5.73e-07 | I11: переход | J11: BHandHLYP | K11: CAM-B3LYP | L11: M06-2X | M11: PBE0 | N11: wB97X
A12: 36 -> 40 | B12: =(1240/'переходы'!$R11-1240/'переходы'!C9)^2 -> 0.41333457 | C12: =(1240/'переходы'!$R11-1240/'переходы'!F9)^2 -> 0.3140051 | D12: =(1240/'переходы'!$R11-1240/'переходы'!I9)^2 -> 0.18122108 | E12: =(1240/'переходы'!$R11-1240/'переходы'!L9)^2 -> 0.048547865 | F12: =(1240/'переходы'!$R11-1240/'переходы'!O9)^2 -> 1.0217899 | G12: 0.007277629 | I12: Cu[SCH3]2
A13: 36 -> 40, 38 -> 42, 39 -> 41 | B13: =('переходы'!$R12-'переходы'!C13)^2 -> 2381.44 | C13: =('переходы'!$R12-'переходы'!F11)^2 -> 1095.61 | D13: =('переходы'!$R12-'переходы'!I13)^2 -> 2209 | E13: =('переходы'!$R12-'переходы'!L11)^2 -> 295.84 | F13: =('переходы'!$R12-'переходы'!O11)^2 -> 2007.04 | G13: 0.008653048 | I13: =I39 -> HOMO -> LUMO | J13: =B8 -> 0.068525009 | K13: =C8 -> 0.0042462171 | L13: =D8 -> 0.011063348 | M13: =E8 -> 0.034113976 | N13: =F8 -> 0.1928519
A14: 36 -> 40 | B14: =('переходы'!$R13)^2 -> 61752.25 | C14: =('переходы'!$R13)^2 -> 61752.25 | D14: =('переходы'!$R13)^2 -> 61752.25 | E14: =('переходы'!$R13)^2 -> 61752.25 | F14: =('переходы'!$R13)^2 -> 61752.25 | G14: 0.007752046 | I14: =I40 -> HOMO-1 -> LUMO | J14: =B9 -> 0.059376262 | K14: =C9 -> 0.0029022455 | L14: =D9 -> 0.0084010463 | M14: =E9 -> 0.03314886 | N14: =F9 -> 0.17795458
I15: =I41 -> HOMO -> LUMO+2 | J15: =B10 -> 0.23049575 | K15: =C10 -> 0.070936311 | L15: =D10 -> 0.1005464 | M15: =E10 -> 0.0094899362 | N15: =F10 -> 0.25205042
I16: =I42 -> HOMO-3 -> LUMO | J16: =B12 -> 0.41333457 | K16: =C12 -> 0.3140051 | L16: =D12 -> 0.18122108 | M16: =E12 -> 0.048547865 | N16: =F12 -> 1.0217899
A17: Cu2 | I17: Cu2[SCH3]2
A18: Переход | B18: BHandHLYP | C18: CAM-B3LYP | D18: M06-2X | E18: PBE0 | F18: wB97X | G18: CCSD: f_osc | I18: =I44 -> HOMO -> LUMO | J18: =B22 -> 0.026371613 | K18: =C22 -> 0.00036753893 | L18: =D22 -> 0.050380388 | M18: =E22 -> 0.14434709 | N18: =F22 -> 0.18500789
A19: 54 -> 57 | B19: =('переходы'!$R29-'переходы'!C31)^2 -> 7293.16 | C19: =('переходы'!$R29)^2 -> 180965.16 | D19: =('переходы'!$R29)^2 -> 180965.16 | E19: =('переходы'!$R29)^2 -> 180965.16 | F19: =('переходы'!$R29)^2 -> 180965.16 | G19: 1.1667e-05 | I19: =I45 -> HOMO -> LUMO+1 | J19: =B23 -> 0.0073765911 | K19: =C23 -> 0.004519844 | L19: =D23 -> 0.057761477 | M19: =E23 -> 0.24417662 | N19: =F23 -> 0.21121426
A20: 54 -> 56 | B20: =('переходы'!$R30-'переходы'!C30)^2 -> 676 | C20: =('переходы'!$R30)^2 -> 159440.49 | D20: =('переходы'!$R30)^2 -> 159440.49 | E20: =('переходы'!$R30)^2 -> 159440.49 | F20: =('переходы'!$R30)^2 -> 159440.49 | G20: 1.466e-06 | I20: =I46 -> HOMO -> LUMO+2 | J20: =B25 -> 0.0033352305 | K20: =C25 -> 0.00040128171 | L20: =D25 -> 0.096310903 | M20: =E25 -> 0.022429377 | N20: =F25 -> 0.040281105
A21: 54 -> 55 | B21: =('переходы'!$R31-'переходы'!C29)^2 -> 27.04 | C21: =('переходы'!$R31-'переходы'!F29)^2 -> 246.49 | D21: =('переходы'!$R31)^2 -> 146842.24 | E21: =('переходы'!$R31)^2 -> 146842.24 | F21: =('переходы'!$R31)^2 -> 146842.24 | G21: 2e-08 | I21: =I47 -> HOMO -> LUMO+3 | J21: =B27 -> 0.0074651006 | K21: =C27 -> 0.021540016 | L21: =D27 -> 0.066732387 | M21: =E27 -> 0.096018155 | N21: =F27 -> 0.0030019814
A22: 54 -> 55 | B22: =(1240/'переходы'!$R32-1240/'переходы'!C29)^2 -> 0.026371613 | C22: =(1240/'переходы'!$R32-1240/'переходы'!F29)^2 -> 0.00036753893 | D22: =(1240/'переходы'!$R32-1240/'переходы'!I29)^2 -> 0.050380388 | E22: =(1240/'переходы'!$R32-1240/'переходы'!L29)^2 -> 0.14434709 | F22: =(1240/'переходы'!$R32-1240 /'переходы'!O29)^2 -> 0.18500789 | G22: 0.44451222 | I22: =I48 -> HOMO -> LUMO+4 | J22: =B28 -> 0.001721998 | K22: =C28 -> 0.0036151024 | L22: =D28 -> 0.093986531 | M22: =E28 -> — | N22: =F28 -> 0.012302753
A23: 54 -> 56 | B23: =(1240/'переходы'!$R33-1240/'переходы'!C31)^2 -> 0.0073765911 | C23: =(1240/'переходы'!$R33-1240/'переходы'!F30)^2 -> 0.004519844 | D23: =(1240/'переходы'!$R33-1240/'переходы'!I30)^2 -> 0.057761477 | E23: =(1240/'переходы'!$R33-1240/'переходы'!L30)^2 -> 0.24417662 | F23: =(1240/'переходы'!$R33-1240/'переходы'!O31)^2 -> 0.21121426 | G23: 0.043827317 | I23: Cu3[SCH3]2
A24: 54 -> 58 | B24: =('переходы'!$R34)^2 -> 115872.16 | C24: =('переходы'!$R34)^2 -> 115872.16 | D24: =('переходы'!$R34)^2 -> 115872.16 | E24: =('переходы'!$R34)^2 -> 115872.16 | F24: =('переходы'!$R34)^2 -> 115872.16 | G24: 1.75e-07 | I24: =I50 -> HOMO -> LUMO | J24: =B34 -> 0.00082301636 | K24: =C34 -> 0.10232037 | L24: =D34 -> 0.00020404352 | M24: =E34 -> 0.066485612 | N24: =F34 -> 0.20302446
A25: 54 -> 57 | B25: =(1240/'переходы'!$R35-1240/'переходы'!C31)^2 -> 0.0033352305 | C25: =(1240/'переходы'!$R35-1240/'переходы'!F31)^2 -> 0.00040128171 | D25: =(1240/'переходы'!$R35-1240/'переходы'!I31)^2 -> 0.096310903 | E25: =(1240/'переходы'!$R35-1240/'переходы'!L31)^2 -> 0.022429377 | F25: =(1240/'переходы'!$R35-1240/'переходы'!O30)^2 -> 0.040281105 | G25: 0.30871503 | I25: Cu4[SCH3]3
A26: 54 -> 59 | B26: =('переходы'!$R36)^2 -> 82828.84 | C26: =('переходы'!$R36)^2 -> 82828.84 | D26: =('переходы'!$R36)^2 -> 82828.84 | E26: =('переходы'!$R36)^2 -> 82828.84 | F26: =('переходы'!$R36)^2 -> 82828.84 | G26: 3.67e-07 | I26: =I52 -> HOMO -> LUMO | J26: =B42 -> 0.011095257 | K26: =C42 -> 0.0027029113 | L26: =D42 -> 0.096738301 | M26: =E42 -> 0.12311517 | N26: =F42 -> 0.026997937
A27: 54 -> 58 | B27: =(1240/'переходы'!$R37-1240/'переходы'!C32)^2 -> 0.0074651006 | C27: =(1240/'переходы'!$R37-1240/'переходы'!F34)^2 -> 0.021540016 | D27: =(1240/'переходы'!$R37-1240/'переходы'!I32)^2 -> 0.066732387 | E27: =(1240/'переходы'!$R37-1240/'переходы'!L36)^2 -> 0.096018155 | F27: =(1240/'переходы'!$R37-1240/'переходы'!O32)^2 -> 0.0030019814 | G27: 0.028367392 | I27: =I53 -> HOMO -> LUMO+1 | J27: =B44 -> 0.014812676 | K27: =C44 -> 0.0037583067 | L27: =D44 -> 0.025426488 | M27: =E44 -> 0.00031320012 | N27: =F44 -> 0.0035915367
A28: 54 -> 59 | B28: =(1240/'переходы'!$R38-1240/'переходы'!C35)^2 -> 0.001721998 | C28: =(1240/'переходы'!$R38-1240/'переходы'!F40)^2 -> 0.0036151024 | D28: =(1240/'переходы'!$R38-1240/'переходы'!I35)^2 -> 0.093986531 | E28: — | F28: =(1240/'переходы'!$R38-1240/'переходы'!O39)^2 -> 0.012302753 | G28: 0.006322222 | I28: =I54 -> HOMO -> LUMO+2 | J28: =B45 -> 0.0051710315 | K28: =C45 -> 0.065992445 | L28: =D45 -> 0.17580171 | M28: =E45 -> 0.022317458 | N28: =F45 -> 0.50829513
I29: =I55 -> HOMO -> LUMO+5 | J29: =B46 -> 0.034385247 | K29: =C46 -> 0.10557597 | L29: =D46 -> 0.0053091485 | M29: =E46 -> 0.023350583 | N29: =F46 -> 0.0046795882
I30: Cu5[SCH3]4
A31: Cu3 | I31: =I57 -> HOMO -> LUMO | J31: =B53 -> 0.094105697 | K31: =C53 -> 0.029546708 | L31: =D53 -> 0.071580861 | M31: =E53 -> 0.098097039 | N31: =F53 -> 0.014046588
A32: Переход | B32: BHandHLYP | C32: CAM-B3LYP | D32: M06-2X | E32: PBE0 | F32: wB97X | G32: CCSD: f_osc | I32: =I58 -> HOMO -> LUMO+1 | J32: =B55 -> 1.6059278 | K32: =C55 -> 0.35399809 | L32: =D55 -> 0.64187819 | M32: =E55 -> 0.7476408 | N32: =F55 -> 0.22002459
A33: 64 -> 69 | B33: =('переходы'!$R46)^2 -> 196603.56 | C33: =('переходы'!$R46)^2 -> 196603.56 | D33: =('переходы'!$R46)^2 -> 196603.56 | E33: =('переходы'!$R46)^2 -> 196603.56 | F33: =('переходы'!$R46)^2 -> 196603.56 | G33: 0.002705358 | I33: =I59 -> HOMO -> LUMO+4 | J33: =B56 -> 0.14345881 | K33: =C56 -> 0.012624189 | L33: =D56 -> 0.16371435 | M33: =E56 -> 0.29666837 | N33: =F56 -> —
A34: 68 -> 69 | B34: =(1240/'переходы'!$R47-1240/'переходы'!C46)^2 -> 0.00082301636 | C34: =(1240/'переходы'!$R47-1240/'переходы'!F46)^2 -> 0.10232037 | D34: =(1240/'переходы'!$R47-1240/'переходы'!I46)^2 -> 0.00020404352 | E34: =(1240/'переходы'!$R47-1240/'переходы'!L46)^2 -> 0.066485612 | F34: =(1240/'переходы'!$R47-1240/'переходы'!O46)^2 -> 0.20302446 | G34: 0.50187388 | I34: =I60 -> HOMO -> LUMO+5 | J34: =B57 -> 0.027659719 | K34: =C57 -> — | L34: =D57 -> 0.09285666 | M34: =E57 -> — | N34: =F57 -> 0.00025522412
A35: 64 -> 71 64 -> 73 66 -> 69 | B35: =('переходы'!$R48)^2 -> 76618.24 | C35: =('переходы'!$R48)^2 -> 76618.24 | D35: =('переходы'!$R48)^2 -> 76618.24 | E35: =('переходы'!$R48)^2 -> 76618.24 | F35: =('переходы'!$R48)^2 -> 76618.24 | G35: 0.009291543
A36: 64 -> 71; 64 -> 73; 66 -> 69 | B36: =('переходы'!$R49)^2 -> 59976.01 | C36: =('переходы'!$R49)^2 -> 59976.01 | D36: =('переходы'!$R49)^2 -> 59976.01 | E36: =('переходы'!$R49)^2 -> 59976.01 | F36: =('переходы'!$R49)^2 -> 59976.01 | G36: 0.092370818 | I36: Энергии соответствующих переходов для DFT функционалов и CCSD в эВ
A37: 60 -> 69 68 -> 72 | B37: =('переходы'!$R50)^2 -> 53314.81 | C37: =('переходы'!$R50)^2 -> 53314.81 | D37: =('переходы'!$R50)^2 -> 53314.81 | E37: =('переходы'!$R50)^2 -> 53314.81 | F37: =('переходы'!$R50)^2 -> 53314.81 | G37: 0.020176819 | I37: переход | J37: BHandHLYP | K37: CAM-B3LYP | L37: M06-2X | M37: PBE0 | N37: wB97X | O37: CCSD
I38: Cu[SCH3]2
I39: HOMO -> LUMO | J39: =1240/'переходы'!C4 -> 4.7238095 | K39: =1240/'переходы'!F4 -> 4.5271997 | L39: =1240/'переходы'!I4 -> 4.5672192 | M39: =1240/'переходы'!L4 -> 4.277337 | N39: =1240/'переходы'!O4 -> 4.9011858 | O39: =1240/'переходы'!$R7 -> 4.4620367
A40: Cu4 | I40: HOMO-1 -> LUMO | J40: =1240/'переходы'!C5 -> 4.785797 | K40: =1240/'переходы'!F5 -> 4.595997 | L40: =1240/'переходы'!I5 -> 4.6337818 | M40: =1240/'переходы'!L5 -> 4.3600563 | N40: =1240/'переходы'!O5 -> 4.9639712 | O40: =1240/'переходы'!$R8 -> 4.5421245
A41: Переход | B41: BHandHLYP | C41: CAM-B3LYP | D41: M06-2X | E41: PBE0 | F41: wB97X | G41: CCSD: f_osc | I41: HOMO -> LUMO+2 | J41: =1240/'переходы'!C7 -> 5.2057095 | K41: =1240/'переходы'!F7 -> 4.9919485 | L41: =1240/'переходы'!I7 -> 5.0427003 | M41: =1240/'переходы'!L7 -> 4.8230261 | N41: =1240/'переходы'!O7 -> 5.227656 | O41: =1240/'переходы'!$R9 -> 4.7256098
A42: 95 -> 96 95 -> 98 | B42: =(1240/'переходы'!$R63-1240/'переходы'!C63)^2 -> 0.011095257 | C42: =(1240/'переходы'!$R63-1240/'переходы'!F63)^2 -> 0.0027029113 | D42: =(1240/'переходы'!$R63-1240/'переходы'!I63)^2 -> 0.096738301 | E42: =(1240/'переходы'!$R63-1240/'переходы'!L63)^2 -> 0.12311517 | F42: =(1240/'переходы'!$R63-1240/'переходы'!O63)^2 -> 0.026997937 | G42: 0.061208424 | I42: HOMO-3 -> LUMO | J42: =1240/'переходы'!C9 -> 5.6108597 | K42: =1240/'переходы'!F9 -> 5.5283103 | L42: =1240/'переходы'!I9 -> 5.3936494 | M42: =1240/'переходы'!L9 -> 5.1882845 | N42: =1240/'переходы'!O9 -> 5.978785 | O42: =1240/'переходы'!$R11 -> 4.9679487
A43: 95 -> 100 | B43: =('переходы'!$R64)^2 -> 190706.89 | C43: =('переходы'!$R64)^2 -> 190706.89 | D43: =('переходы'!$R64)^2 -> 190706.89 | E43: =('переходы'!$R64)^2 -> 190706.89 | F43: =('переходы'!$R64)^2 -> 190706.89 | G43: 0.1773768 | I43: Cu2[SCH3]2
A44: 95 -> 97 | B44: =(1240/'переходы'!$R65-1240/'переходы'!C64)^2 -> 0.014812676 | C44: =(1240/'переходы'!$R65-1240/'переходы'!F64)^2 -> 0.0037583067 | D44: =(1240/'переходы'!$R65-1240/'переходы'!I65)^2 -> 0.025426488 | E44: =(1240/'переходы'!$R65-1240/'переходы'!L64)^2 -> 0.00031320012 | F44: =(1240/'переходы'!$R65-1240/'переходы'!O64)^2 -> 0.0035915367 | G44: 0.18165761 | I44: HOMO -> LUMO | J44: =1240/'переходы'!C29 -> 3.192585 | K44: =1240/'переходы'!F29 -> 3.3741497 | L44: =1240/'переходы'!I29 -> 3.1305226 | M44: =1240/'переходы'!L29 -> 2.975048 | N44: =1240 /'переходы'!O29 -> 3.7851038 | O44: =1240/'переходы'!$R32 -> 3.3549784
A45: 95 -> 96 95 -> 98 | B45: =(1240/'переходы'!$R66-1240/'переходы'!C65)^2 -> 0.0051710315 | C45: =(1240/'переходы'!$R66-1240/'переходы'!F66)^2 -> 0.065992445 | D45: =(1240/'переходы'!$R66-1240/'переходы'!I64)^2 -> 0.17580171 | E45: =(1240/'переходы'!$R66-1240/'переходы'!L65)^2 -> 0.022317458 | F45: =(1240/'переходы'!$R66-1240/'переходы'!O66)^2 -> 0.50829513 | G45: 0.072707369 | I45: HOMO -> LUMO+1 | J45: =1240/'переходы'!C31 -> 3.6470588 | K45: =1240/'переходы'!F30 -> 3.493942 | L45: =1240/'переходы'!I30 -> 3.3208356 | M45: =1240/'переходы'!L30 -> 3.0670294 | N45: =1240/'переходы'!O31 -> 4.0207523 | O45: =1240/'переходы'!$R33 -> 3.5611717
A46: 95 -> 101 | B46: =(1240/'переходы'!$R67-1240/'переходы'!C68)^2 -> 0.034385247 | C46: =(1240/'переходы'!$R67-1240/'переходы'!F72)^2 -> 0.10557597 | D46: =(1240/'переходы'!$R67-1240/'переходы'!I68)^2 -> 0.0053091485 | E46: =(1240/'переходы'!$R67-1240/'переходы'!L69)^2 -> 0.023350583 | F46: =(1240/'переходы'!$R67-1240/'переходы'!O67)^2 -> 0.0046795882 | G46: 0.002081603 | I46: HOMO -> LUMO+2 | J46: =1240/'переходы'!C31 -> 3.6470588 | K46: =1240/'переходы'!F31 -> 3.7248423 | L46: =1240/'переходы'!I31 -> 3.3944703 | M46: =1240/'переходы'!L31 -> 3.5550459 | N46: =1240/'переходы'!O30 -> 3.9055118 | O46: =1240/'переходы'!$R35 -> 3.7048103
A47: 95 -> 97 95 -> 99 | B47: =('переходы'!$R68)^2 -> 74256.25 | C47: =('переходы'!$R68)^2 -> 74256.25 | D47: =('переходы'!$R68)^2 -> 74256.25 | E47: =('переходы'!$R68)^2 -> 74256.25 | F47: =('переходы'!$R68)^2 -> 74256.25 | G47: 0.05876506 | I47: HOMO -> LUMO+3 | J47: =1240/'переходы'!C32 -> 4.4112416 | K47: =1240/'переходы'!F34 -> 4.3508772 | L47: =1240/'переходы'!I32 -> 4.2393162 | M47: =1240/'переходы'!L36 -> 4.1877744 | N47: =1240/'переходы'!O32 -> 4.442852 | O47: =1240/'переходы'!$R37 -> 4.4976424
I48: HOMO -> LUMO+4 | J48: =1240/'переходы'!C35 -> 4.815534 | K48: =1240/'переходы'!F40 -> 4.7969052 | L48: =1240/'переходы'!I35 -> 4.5504587 | M48: — | N48: =1240/'переходы'!O39 -> 4.9679487 | O48: =1240/'переходы'!$R38 -> 4.8570309
I49: Cu3[SCH3]2
A50: Cu5 | I50: HOMO -> LUMO | J50: =1240/'переходы'!C46 -> 3.4578918 | K50: =1240/'переходы'!F46 -> 3.109328 | L50: =1240/'переходы'!I46 -> 3.4434879 | M50: =1240/'переходы'!L46 -> 3.1713555 | N50: =1240/'переходы'!O46 -> 2.9786212 | O50: =1240/'переходы'!$R47 -> 3.4292035
A51: Переход | B51: BHandHLYP | C51: CAM-B3LYP | D51: M06-2X | E51: PBE0 | F51: wB97X | G51: CCSD: f_osc | I51: Cu4[SCH3]3
A52: 122 -> 126 | B52: =('переходы'!$R80)^2 -> 186624 | C52: =('переходы'!$R80)^2 -> 186624 | D52: =('переходы'!$R80)^2 -> 186624 | E52: =('переходы'!$R80)^2 -> 186624 | F52: =('переходы'!$R80)^2 -> 186624 | G52: 0.16556635 | I52: HOMO -> LUMO | J52: =1240/'переходы'!C63 -> 2.4598294 | K52: =1240/'переходы'!F63 -> 2.5131739 | L52: =1240/'переходы'!I63 -> 2.2541356 | M52: =1240/'переходы'!L63 -> 2.2142857 | N52: =1240/'переходы'!O63 -> 2.7294739 | O52: =1240/'переходы'!$R63 -> 2.5651634
A53: 122 -> 123 | B53: =(1240/'переходы'!$R81-1240/'переходы'!C81)^2 -> 0.094105697 | C53: =(1240/'переходы'!$R81-1240/'переходы'!F80)^2 -> 0.029546708 | D53: =(1240/'переходы'!$R81-1240/'переходы'!I81)^2 -> 0.071580861 | E53: =(1240/'переходы'!$R81-1240/'переходы'!L81)^2 -> 0.098097039 | F53: =(1240/'переходы'!$R81-1240/'переходы'!O80)^2 -> 0.014046588 | G53: 0.009915595 | I53: HOMO -> LUMO+1 | J53: =1240/'переходы'!C64 -> 2.9814859 | K53: =1240/'переходы'!F64 -> 2.9210836 | L53: =1240/'переходы'!I65 -> 3.0192355 | M53: =1240/'переходы'!L64 -> 2.8420811 | N53: =1240/'переходы'!O64 -> 2.919708 | O53: =1240/'переходы'!$R65 -> 2.8597786
A54: 122 -> 125 122 -> 127 | B54: =('переходы'!$R82-'переходы'!C82)^2 -> 1004.89 | C54: =('переходы'!$R82-'переходы'!F84)^2 -> 309.76 | D54: =('переходы'!$R82-'переходы'!I82)^2 -> 368.64 | E54: =('переходы'!$R82-'переходы'!L83)^2 -> 876.16 | F54: =('переходы'!$R82-'переходы'!O85)^2 -> 1909.69 | G54: 8.7409e-05 | I54: HOMO -> LUMO+2 | J54: =1240/'переходы'!C65 -> 3.2375979 | K54: =1240/'переходы'!F66 -> 3.422578 | L54: =1240/'переходы'!I64 -> 2.7464009 | M54: =1240/'переходы'!L65 -> 3.0162977 | N54: =1240/'переходы'!O66 -> 3.8786362 | O54: =1240/'переходы'!$R66 -> 3.165688
A55: 122 -> 124 | B55: =(1240/'переходы'!$R83-1240/'переходы'!C80)^2 -> 1.6059278 | C55: =(1240/'переходы'!$R83-1240/'переходы'!F81)^2 -> 0.35399809 | D55: =(1240/'переходы'!$R83-1240/'переходы'!I80)^2 -> 0.64187819 | E55: =(1240/'переходы'!$R83-1240/'переходы'!L80)^2 -> 0.7476408 | F55: =(1240/'переходы'!$R83-1240/'переходы'!O81)^2 -> 0.22002459 | G55: 0.015463883 | I55: HOMO -> LUMO+5 | J55: =1240/'переходы'!C68 -> 4.0090527 | K55: =1240/'переходы'!F72 -> 4.1485447 | L55: =1240/'переходы'!I68 -> 3.7507562 | M55: =1240/'переходы'!L69 -> 3.6708111 | N55: =1240/'переходы'!O67 -> 3.8920276 | O55: =1240/'переходы'!$R67 -> 3.8236201
A56: 122 -> 127 | B56: =(1240/'переходы'!$R84-1240/'переходы'!C86)^2 -> 0.14345881 | C56: =(1240/'переходы'!$R84-1240/'переходы'!F91)^2 -> 0.012624189 | D56: =(1240/'переходы'!$R84-1240/'переходы'!I85)^2 -> 0.16371435 | E56: =(1240/'переходы'!$R84-1240/'переходы'!L89)^2 -> 0.29666837 | F56: — | G56: 0.031210653 | I56: Cu5[SCH3]4
A57: 122 -> 128 | B57: =(1240/'переходы'!$R85-1240/'переходы'!C88)^2 -> 0.027659719 | C57: — | D57: =(1240/'переходы'!$R85-1240/'переходы'!I86)^2 -> 0.09285666 | E57: — | F57: =(1240/'переходы'!$R85-1240/'переходы'!O91)^2 -> 0.00025522412 | G57: 0.35973863 | I57: HOMO -> LUMO | J57: =1240/'переходы'!C81 -> 2.9814859 | K57: =1240/'переходы'!F80 -> 3.1163609 | L57: =1240/'переходы'!I81 -> 3.0207065 | M57: =1240/'переходы'!L81 -> 2.975048 | N57: =1240/'переходы'!O80 -> 3.1697342 | O57: =1240/'переходы'!$R81 -> 3.2882525
I58: HOMO -> LUMO+1 | J58: =1240/'переходы'!C80 -> 2.4598294 | K58: =1240/'переходы'!F81 -> 3.1321041 | L58: =1240/'переходы'!I80 -> 2.9259084 | M58: =1240/'переходы'!L80 -> 2.8624192 | N58: =1240/'переходы'!O81 -> 3.2580137 | O58: =1240/'переходы'!$R83 -> 3.7270815
I59: HOMO -> LUMO+4 | J59: =1240/'переходы'!C86 -> 4.0168448 | K59: =1240/'переходы'!F91 -> 4.283247 | L59: =1240/'переходы'!I85 -> 3.9909881 | M59: =1240/'переходы'!L89 -> 3.8509317 | N59: — | O59: =1240/'переходы'!$R84 -> 4.3956044
I60: HOMO -> LUMO+5 | J60: =1240/'переходы'!C88 -> 4.6251399 | K60: — | L60: =1240/'переходы'!I86 -> 4.1541039 | M60: — | N60: =1240/'переходы'!O91 -> 4.442852 | O60: =1240/'переходы'!$R85 -> 4.4588278
J61: Средне-квадратичная разность переходов 'CCSD – функционал' в эВ
J62: =J2 -> BHandHLYP | K62: =K2 -> CAM-B3LYP | L62: =L2 -> M06-2X | M62: =M2 -> PBE0 | N62: =N2 -> wB97X
J63: =J3 -> 1.6599522 | K63: =K3 -> 1.0483571 | L63: =L3 -> 1.3928077 | M63: =M3 -> 1.4178364 | N63: =N3 -> 1.7542434
J64: Средне-квадратичная разность переходов HOMO->LUMO 'CCSD – функционал' в эВ
J65: =J6 -> BHandHLYP | K65: =K6 -> CAM-B3LYP | L65: =L6 -> M06-2X | M65: =M6 -> PBE0 | N65: =N6 -> wB97X
J66: =J7 -> 0.44824167 | K66: =K7 -> 0.37307338 | L66: =L7 -> 0.47954868 | M66: =M7 -> 0.68275829 | N66: =N7 -> 0.78862461
